{"cameraMode":{"drawMode":0,"name":"Shaded","section":"Shading Mode"},"sceneLighting":true,"audioPlay":false,"sceneViewState":{"showFog":true,"showMaterialUpdate":false,"showSkybox":true,"showFlares":true,"showImageEffects":true,"showParticleSystems":true},"in2DMode":false,"pivot":{"x":0.22000181674957276,"y":1.5131397247314454,"z":-7.013657569885254},"rotation":{"x":0.2779761552810669,"y":0.00864514708518982,"z":-0.0025018625892698766,"w":0.9605458378791809},"size":31.520387649536134,"orthographic":false}