{"cameraMode":{"drawMode":0,"name":"Shaded","section":"Shading Mode"},"sceneLighting":false,"audioPlay":false,"sceneViewState":{"showFog":true,"showMaterialUpdate":false,"showSkybox":false,"showFlares":true,"showImageEffects":true,"showParticleSystems":true},"in2DMode":false,"pivot":{"x":1.090902328491211,"y":0.04279683902859688,"z":7.69031286239624},"rotation":{"x":0.2779761552810669,"y":0.00864514708518982,"z":-0.0025018625892698766,"w":0.9605458378791809},"size":1.3438999652862549,"orthographic":false}